Summary Table,,,,Intake Performance,,,,,,,,,,,,
Metric,Value,,,Agent,Total Leads,MQLs,SQLs,Scheduled,Showups,No Shows,Hired (All),Hired (Excl. Strategy),Strategy Sessions,Converted Sessions,Unconverted Sessions,Total Value
Total Leads,146,,,Fabio,5,1,1,0,0,0,0,0,0,0,0,$0
Total Hired (All),8,,,Gizelle,3,3,1,3,2,1,0,0,0,0,0,$0
Total Hired (Excluding Strategy Sessions),5,,,Heury,20,4,2,3,3,0,1,1,0,0,0,"$7,725"
Total SQLs,34,,,Lu,20,9,8,9,9,0,2,2,0,0,0,"$23,175"
Total MQLs,52,,,Peter,31,10,10,10,10,0,2,1,1,0,1,$650
Total Scheduled,49,,,Santiago,67,25,12,24,22,2,3,1,2,0,2,"$8,900"
Total Showups,46,,,TOTAL,146,52,34,49,46,3,8,5,3,0,3,"$40,450.00"
Total No Shows,3,,,,,,,,,,,,,,,
Total Marketing Contacts,9,,,,,,,,,,,,,,,
Average Daily Leads,20.9,,,,,,,,,,,,,,,
Consultation Rate (%),34%,,,,,,,,,,,,,,,
Conversion Rate (%),5.48%,,,,,,,,,,,,,,,
MQL Rate (%),35.62%,,,,,,,,,,,,,,,
SQL Rate (%),23.29%,,,,,,,,,,,,,,,
Total Revenue,"$40,450.00",,,,,,,,,,,,,,,
,,,,,,,,,,,,,,,,
,,,,,,,,,,,,,,,,
,,,,,,,,,,,,,,,,
Reason Analysis,,,,,,,,,,,,,,,,
Reason,Count,Percentage,,,,,,,,,,,,,,
Scheduled,47,32.2,,Family,,,,,,,,,,,
In-Progress,47,32.2,,Leads,MQLs,SQLs,Scheduled,Showups,New Matters,Marketing Contacts,Total Value,Strategy Sessions,Converted Sessions,,
Outside Jurisdiction,17,11.6,,67,30,23,28,26,5,2,"$32,075",2,0,,
Not a Matter We Handle,11,7.5,,,,,,,,,,,,,
Wrong Number,7,4.8,,,,,,,,,,,,,
Pricing Issue,5,3.4,,Civil,,,,,,,,,,,
Free Legal Advice,4,2.7,,Leads,MQLs,SQLs,Scheduled,Showups,New Matters,Marketing Contacts,Total Value,Strategy Sessions,Converted Sessions,,
Declined Case,3,2.1,,24,10,5,9,8,1,0,$650,1,0,,
Not Interested,2,1.4,,,,,,,,,,,,,
Not Ready,1,0.7,,,,,,,,,,,,,
Mentally Unwell,1,0.7,,Criminal,,,,,,,,,,,
Matter already handled,1,0.7,,Leads,MQLs,SQLs,Scheduled,Showups,New Matters,Marketing Contacts,Total Value,Strategy Sessions,Converted Sessions,,
,,,,18,7,4,7,7,2,0,"$7,725",0,0,,
,,,,,,,,,,,,,,,
,,,,,,,,,,,,,,,
,,,,Real Estate,,,,,,,,,,,
,,,,Leads,MQLs,SQLs,Scheduled,Showups,New Matters,Marketing Contacts,Total Value,Strategy Sessions,Converted Sessions,,
,,,,7,4,1,4,4,0,0,$0,0,0,,
,,,,,,,,,,,,,,,
,,,,,,,,,,,,,,,
,,,,Probate,,,,,,,,,,,
,,,,Leads,MQLs,SQLs,Scheduled,Showups,New Matters,Marketing Contacts,Total Value,Strategy Sessions,Converted Sessions,,
,,,,1,1,1,1,1,0,0,$0,0,0,,
,,,,,,,,,,,,,,,
,,,,,,,,,,,,,,,
,,,,Other,,,,,,,,,,,
,,,,Leads,MQLs,SQLs,Scheduled,Showups,New Matters,Marketing Contacts,Total Value,Strategy Sessions,Converted Sessions,,
,,,,29,0,0,0,0,0,7,$0,0,0,,
,,,,,,,,,,,,,,,
,,,,,,,,,,,,,,,
,,,,,,,,,,,,,,,,
,,,,,,,,,,,,,,,,
,,,,,,,,,,,,,,,,
,,,,,,,,,,,,,,,,
,,,,Source Analysis,,,,,,,,,,,,
,,,,Channel,Total Leads,MQLs,SQLs,Scheduled,Hired,Total Value,Conversion Rate (%),Schedule Rate (%),MQL Rate (%),SQL Rate (%),,
,,,,Google - Fort Lauderdale,32,12,8,13,0,$0,0.0,40.6,37.5,25.0,,
,,,,Website,15,2,2,2,1,$650,6.7,13.3,13.3,13.3,,
,,,,Denise Isaacs,14,8,8,8,2,"$16,200",14.3,57.1,57.1,57.1,,
,,,,LSA - Miami,14,4,2,4,0,$0,0.0,28.6,28.6,14.3,,
,,,,Google- Miami,13,3,1,2,0,$0,0.0,15.4,23.1,7.7,,
,,,,LSA- Fort Lauderdale,13,3,2,3,1,"$7,500",7.7,23.1,23.1,15.4,,
,,,,Unassigned,8,1,1,1,0,$0,0.0,12.5,12.5,12.5,,
,,,,LSA - Palm Beach,8,5,3,5,1,$0,12.5,62.5,62.5,37.5,,
,,,,Google - Boca Raton,8,4,0,3,0,$0,0.0,37.5,50.0,0.0,,
,,,,Referral-Friend,6,2,1,1,1,"$7,725",16.7,16.7,33.3,16.7,,
,,,,Google - Palm Beach,5,3,2,2,0,$0,0.0,40.0,60.0,40.0,,
,,,,Avvo,4,2,2,2,1,"$7,725",25.0,50.0,50.0,50.0,,
,,,,Referral-Attorney,2,2,2,2,1,$650,50.0,100.0,100.0,100.0,,
,,,,LSA - Boca,2,0,0,0,0,$0,0.0,0.0,0.0,0.0,,
,,,,Mark Shecter,1,1,0,1,0,$0,0.0,100.0,100.0,0.0,,
,,,,YouTube,1,0,0,0,0,$0,0.0,0.0,0.0,0.0,,
,,,,TOTAL,146,52,34,49,8,"$40,450.00",5.48,33.6,35.62,23.29,,
